{
  "properties": {
    "connectionReferences": {
      "shared_commondataserviceforapps": {
        "impersonation": {},
        "runtimeSource": "embedded",
        "connection": {
          "connectionReferenceLogicalName": "ogdwgcc_sharedcommondataserviceforapps_7b946"
        },
        "api": {
          "name": "shared_commondataserviceforapps"
        }
      },
      "shared_approvals": {
        "runtimeSource": "embedded",
        "connection": {
          "connectionReferenceLogicalName": "ogdwgcc_sharedapprovals_a4970"
        },
        "api": {
          "name": "shared_approvals"
        }
      },
      "shared_office365": {
        "runtimeSource": "embedded",
        "connection": {
          "connectionReferenceLogicalName": "ogdwgcc_sharedoffice365_61d25"
        },
        "api": {
          "name": "shared_office365"
        }
      }
    },
    "definition": {
      "$schema": "https://schema.management.azure.com/providers/Microsoft.Logic/schemas/2016-06-01/workflowdefinition.json#",
      "contentVersion": "1.0.0.0",
      "parameters": {
        "$connections": {
          "defaultValue": {},
          "type": "Object"
        },
        "$authentication": {
          "defaultValue": {},
          "type": "SecureObject"
        }
      },
      "triggers": {
        "When_a_row_is_added,_modified_or_deleted": {
          "metadata": {
            "operationMetadataId": "063f5b9e-18ab-4531-b8ae-a133d28478b3"
          },
          "type": "OpenApiConnectionWebhook",
          "inputs": {
            "host": {
              "apiId": "/providers/Microsoft.PowerApps/apis/shared_commondataserviceforapps",
              "connectionName": "shared_commondataserviceforapps",
              "operationId": "SubscribeWebhookTrigger"
            },
            "parameters": {
              "subscriptionRequest/message": 1,
              "subscriptionRequest/entityname": "ogdwgcc_contract",
              "subscriptionRequest/scope": 4
            },
            "authentication": "@parameters('$authentication')"
          }
        }
      },
      "actions": {
        "Update_a_row": {
          "runAfter": {
            "Get_a_row_by_ID_-_Vendor": [
              "Succeeded"
            ]
          },
          "metadata": {
            "operationMetadataId": "ba71dd34-91e4-4716-b167-0543fdd4f9cc"
          },
          "type": "OpenApiConnection",
          "inputs": {
            "host": {
              "apiId": "/providers/Microsoft.PowerApps/apis/shared_commondataserviceforapps",
              "connectionName": "shared_commondataserviceforapps",
              "operationId": "UpdateRecord"
            },
            "parameters": {
              "entityName": "ogdwgcc_contracts",
              "recordId": "@triggerOutputs()?['body/ogdwgcc_contractid']",
              "item/ogdwgcc_name": "@{triggerOutputs()?['body/_ogdwgcc_procurementpathway_label']} - @{outputs('Get_a_row_by_ID_-_Requestor')?['body/fullname']} - @{outputs('Get_a_row_by_ID_-_Vendor')?['body/name']}"
            },
            "authentication": "@parameters('$authentication')"
          }
        },
        "Get_a_row_by_ID_-_Requestor": {
          "runAfter": {},
          "metadata": {
            "operationMetadataId": "daf1f328-560e-45c6-981a-d469f4cc3112"
          },
          "type": "OpenApiConnection",
          "inputs": {
            "host": {
              "apiId": "/providers/Microsoft.PowerApps/apis/shared_commondataserviceforapps",
              "connectionName": "shared_commondataserviceforapps",
              "operationId": "GetItem"
            },
            "parameters": {
              "entityName": "systemusers",
              "recordId": "@triggerOutputs()?['body/_ogdwgcc_requestorname_value']"
            },
            "authentication": "@parameters('$authentication')"
          }
        },
        "Get_a_row_by_ID_-_Vendor": {
          "runAfter": {
            "Send_an_email_(V2)": [
              "Succeeded"
            ]
          },
          "metadata": {
            "operationMetadataId": "63e95360-bb8d-464a-bf99-8c292e6c6e39"
          },
          "type": "OpenApiConnection",
          "inputs": {
            "host": {
              "apiId": "/providers/Microsoft.PowerApps/apis/shared_commondataserviceforapps",
              "connectionName": "shared_commondataserviceforapps",
              "operationId": "GetItem"
            },
            "parameters": {
              "entityName": "accounts",
              "recordId": "@triggerOutputs()?['body/_ogdwgcc_vendor_value']"
            },
            "authentication": "@parameters('$authentication')"
          }
        },
        "Initialize_variable_-_varProcurementPathway": {
          "runAfter": {
            "Update_a_row": [
              "Succeeded"
            ]
          },
          "metadata": {
            "operationMetadataId": "b596fa52-175e-4829-a663-304d6613fd0b"
          },
          "type": "InitializeVariable",
          "inputs": {
            "variables": [
              {
                "name": "varProcurementPathway",
                "type": "string",
                "value": "@{outputs('Update_a_row')?['body/ogdwgcc_procurementpathway']}"
              }
            ]
          }
        },
        "List_rows": {
          "runAfter": {
            "Initialize_variable_-_varApprovalComments": [
              "Succeeded"
            ]
          },
          "metadata": {
            "operationMetadataId": "409fc0d9-e31a-4d1b-828b-689f769fb0ad"
          },
          "type": "OpenApiConnection",
          "inputs": {
            "host": {
              "apiId": "/providers/Microsoft.PowerApps/apis/shared_commondataserviceforapps",
              "connectionName": "shared_commondataserviceforapps",
              "operationId": "ListRecords"
            },
            "parameters": {
              "entityName": "ogdwgcc_contractapproverses",
              "$filter": "ogdwgcc_procurementpathway eq @{variables('varProcurementPathway')}"
            },
            "authentication": "@parameters('$authentication')"
          }
        },
        "Apply_to_each": {
          "foreach": "@outputs('List_rows')?['body/value']",
          "actions": {
            "Get_a_row_by_ID": {
              "runAfter": {},
              "metadata": {
                "operationMetadataId": "3d691b9a-cd76-4f88-9d6c-9d5ab019dd91"
              },
              "type": "OpenApiConnection",
              "inputs": {
                "host": {
                  "apiId": "/providers/Microsoft.PowerApps/apis/shared_commondataserviceforapps",
                  "connectionName": "shared_commondataserviceforapps",
                  "operationId": "GetItem"
                },
                "parameters": {
                  "entityName": "systemusers",
                  "recordId": "@items('Apply_to_each')?['_ogdwgcc_approver_value']"
                },
                "authentication": "@parameters('$authentication')"
              }
            },
            "Start_and_wait_for_an_approval": {
              "runAfter": {
                "Get_a_row_by_ID": [
                  "Succeeded"
                ]
              },
              "metadata": {
                "operationMetadataId": "8018bb6b-f1fa-4643-91aa-5071d05fec43"
              },
              "type": "OpenApiConnectionWebhook",
              "inputs": {
                "host": {
                  "apiId": "/providers/Microsoft.PowerApps/apis/shared_approvals",
                  "connectionName": "shared_approvals",
                  "operationId": "StartAndWaitForAnApproval"
                },
                "parameters": {
                  "approvalType": "Basic",
                  "WebhookApprovalCreationInput/title": "New @{triggerOutputs()?['body/_ogdwgcc_procurementpathway_label']}",
                  "WebhookApprovalCreationInput/assignedTo": "@outputs('Get_a_row_by_ID')?['body/internalemailaddress']",
                  "WebhookApprovalCreationInput/itemLink": "https://org7cd6b967.crm9.dynamics.com/main.aspx?appid=05dbca78-b36f-ef11-a671-001dd80bde4a&pagetype=entityrecord&etn=ogdwgcc_contract&id=@{triggerOutputs()?['body/ogdwgcc_contractid']}",
                  "WebhookApprovalCreationInput/enableNotifications": true,
                  "WebhookApprovalCreationInput/enableReassignment": true
                },
                "authentication": "@parameters('$authentication')"
              }
            },
            "Set_variable_2": {
              "runAfter": {
                "Start_and_wait_for_an_approval": [
                  "Succeeded"
                ]
              },
              "metadata": {
                "operationMetadataId": "d71b373d-7281-45e9-a87e-d9b4d6f2d7a0"
              },
              "type": "SetVariable",
              "inputs": {
                "name": "varTimeToApprove",
                "value": "@dateDifference(outputs('Start_and_wait_for_an_approval')?['body/requestDate'],outputs('Start_and_wait_for_an_approval')?['body/completionDate'])"
              }
            },
            "Set_variable_3": {
              "runAfter": {
                "Set_variable_2": [
                  "Succeeded"
                ]
              },
              "metadata": {
                "operationMetadataId": "c17f9a7d-895d-488d-b7c5-c821af1bfc26"
              },
              "type": "SetVariable",
              "inputs": {
                "name": "varApprovalDecision",
                "value": "@outputs('Start_and_wait_for_an_approval')?['body/outcome']"
              }
            },
            "Apply_to_each_4": {
              "foreach": "@outputs('Start_and_wait_for_an_approval')?['body/responses']",
              "actions": {
                "Append_to_string_variable_2": {
                  "runAfter": {},
                  "metadata": {
                    "operationMetadataId": "6ec90e01-6299-4b68-a292-556383e1e2f9"
                  },
                  "type": "AppendToStringVariable",
                  "inputs": {
                    "name": "varApprovalComments",
                    "value": "Program Approver Comments\n\n@{items('Apply_to_each_4')?['comments']}\n\n"
                  }
                }
              },
              "runAfter": {
                "Set_variable_3": [
                  "Succeeded"
                ]
              },
              "metadata": {
                "operationMetadataId": "a23a4ce5-6cb4-47ce-84e5-276a3dddd99e"
              },
              "type": "Foreach"
            }
          },
          "runAfter": {
            "List_rows": [
              "Succeeded"
            ]
          },
          "metadata": {
            "operationMetadataId": "bff3c70a-1fd2-4f79-96a4-abff8c000dd2"
          },
          "type": "Foreach"
        },
        "Initialize_variable_-_varTimeToApprove": {
          "runAfter": {
            "Initialize_variable_-_varProcurementPathway": [
              "Succeeded"
            ]
          },
          "metadata": {
            "operationMetadataId": "1a7b40ba-32cd-4e6b-b785-cf6345ed15c8"
          },
          "type": "InitializeVariable",
          "inputs": {
            "variables": [
              {
                "name": "varTimeToApprove",
                "type": "string"
              }
            ]
          }
        },
        "Initialize_variable_-_varApprovalDecision": {
          "runAfter": {
            "Initialize_variable_-_varTimeToApprove": [
              "Succeeded"
            ]
          },
          "metadata": {
            "operationMetadataId": "cfb1dd01-4a19-4c0e-9f79-44f360e1d678"
          },
          "type": "InitializeVariable",
          "inputs": {
            "variables": [
              {
                "name": "varApprovalDecision",
                "type": "string"
              }
            ]
          }
        },
        "Initialize_variable_-_varApprovalComments": {
          "runAfter": {
            "Initialize_variable_-_varApprovalDecision": [
              "Succeeded"
            ]
          },
          "metadata": {
            "operationMetadataId": "45cd7cbd-84df-45e6-9242-39860e32d81c"
          },
          "type": "InitializeVariable",
          "inputs": {
            "variables": [
              {
                "name": "varApprovalComments",
                "type": "string"
              }
            ]
          }
        },
        "Condition": {
          "actions": {
            "List_rows_2": {
              "runAfter": {},
              "metadata": {
                "operationMetadataId": "ec3d25bc-3ed6-4124-a2e8-c5701b0c4536"
              },
              "type": "OpenApiConnection",
              "inputs": {
                "host": {
                  "apiId": "/providers/Microsoft.PowerApps/apis/shared_commondataserviceforapps",
                  "connectionName": "shared_commondataserviceforapps",
                  "operationId": "ListRecords"
                },
                "parameters": {
                  "entityName": "ogdwgcc_cmpapproverses",
                  "$filter": "ogdwgcc_procurementpathway eq @{variables('varProcurementPathway')}"
                },
                "authentication": "@parameters('$authentication')"
              }
            },
            "Apply_to_each_2": {
              "foreach": "@outputs('List_rows_2')?['body/value']",
              "actions": {
                "Get_a_row_by_ID_2": {
                  "runAfter": {},
                  "metadata": {
                    "operationMetadataId": "163df454-b417-4230-af3d-e2f3b60d9fdf"
                  },
                  "type": "OpenApiConnection",
                  "inputs": {
                    "host": {
                      "apiId": "/providers/Microsoft.PowerApps/apis/shared_commondataserviceforapps",
                      "connectionName": "shared_commondataserviceforapps",
                      "operationId": "GetItem"
                    },
                    "parameters": {
                      "entityName": "systemusers",
                      "recordId": "@items('Apply_to_each_2')?['_ogdwgcc_approver_value']"
                    },
                    "authentication": "@parameters('$authentication')"
                  }
                },
                "Start_and_wait_for_an_approval_2": {
                  "runAfter": {
                    "Get_a_row_by_ID_2": [
                      "Succeeded"
                    ]
                  },
                  "metadata": {
                    "operationMetadataId": "b994f720-ec1f-43cd-b8a1-0dcf8650a39d"
                  },
                  "type": "OpenApiConnectionWebhook",
                  "inputs": {
                    "host": {
                      "apiId": "/providers/Microsoft.PowerApps/apis/shared_approvals",
                      "connectionName": "shared_approvals",
                      "operationId": "StartAndWaitForAnApproval"
                    },
                    "parameters": {
                      "approvalType": "Basic",
                      "WebhookApprovalCreationInput/title": "CMP Approval Required",
                      "WebhookApprovalCreationInput/assignedTo": "@{outputs('Get_a_row_by_ID_2')?['body/internalemailaddress']};",
                      "WebhookApprovalCreationInput/itemLink": "https://org7cd6b967.crm9.dynamics.com/main.aspx?appid=05dbca78-b36f-ef11-a671-001dd80bde4a&pagetype=entityrecord&etn=ogdwgcc_contract&id=@{triggerOutputs()?['body/ogdwgcc_contractid']}",
                      "WebhookApprovalCreationInput/enableNotifications": true,
                      "WebhookApprovalCreationInput/enableReassignment": true
                    },
                    "authentication": "@parameters('$authentication')"
                  }
                },
                "Send_an_email_(V2)_2": {
                  "runAfter": {
                    "Apply_to_each_3": [
                      "Succeeded"
                    ]
                  },
                  "metadata": {
                    "operationMetadataId": "5634f48a-0458-4411-90f1-bc2b87e522cb"
                  },
                  "type": "OpenApiConnection",
                  "inputs": {
                    "host": {
                      "apiId": "/providers/Microsoft.PowerApps/apis/shared_office365",
                      "connectionName": "shared_office365",
                      "operationId": "SendEmailV2"
                    },
                    "parameters": {
                      "emailMessage/To": "@outputs('Get_a_row_by_ID_-_Requestor')?['body/internalemailaddress']",
                      "emailMessage/Subject": "Your contract has been set to: @{outputs('Start_and_wait_for_an_approval_2')?['body/outcome']}",
                      "emailMessage/Body": "<p>Additional details<br>\n@{variables('varApprovalComments')}</p>",
                      "emailMessage/Importance": "Normal"
                    },
                    "authentication": "@parameters('$authentication')"
                  }
                },
                "Apply_to_each_3": {
                  "foreach": "@outputs('Start_and_wait_for_an_approval_2')?['body/responses']",
                  "actions": {
                    "Append_to_string_variable": {
                      "runAfter": {},
                      "metadata": {
                        "operationMetadataId": "9bb0843f-67ae-4c06-aa8a-5dcf2ca7c623"
                      },
                      "type": "AppendToStringVariable",
                      "inputs": {
                        "name": "varApprovalComments",
                        "value": "\n\nCMP Approval Comments\n\n\n@{items('Apply_to_each_3')?['comments']}"
                      }
                    }
                  },
                  "runAfter": {
                    "Start_and_wait_for_an_approval_2": [
                      "Succeeded"
                    ]
                  },
                  "metadata": {
                    "operationMetadataId": "3ceef95b-867a-4412-a007-815becda8ccb"
                  },
                  "type": "Foreach"
                }
              },
              "runAfter": {
                "List_rows_2": [
                  "Succeeded"
                ]
              },
              "metadata": {
                "operationMetadataId": "2b5245c6-e37d-4dd1-ad66-1ff6fc82a515"
              },
              "type": "Foreach"
            }
          },
          "runAfter": {
            "Apply_to_each": [
              "Succeeded"
            ]
          },
          "expression": {
            "equals": [
              "@variables('varApprovalDecision')",
              "Approve"
            ]
          },
          "metadata": {
            "operationMetadataId": "fa8a736c-10ff-4e5c-a13a-e0aff20d2b8d"
          },
          "type": "If"
        },
        "Send_an_email_(V2)": {
          "runAfter": {
            "Get_a_row_by_ID_-_Requestor": [
              "Succeeded"
            ]
          },
          "metadata": {
            "operationMetadataId": "0b337040-0660-41ba-8ebd-34a92b8db8d1"
          },
          "type": "OpenApiConnection",
          "inputs": {
            "host": {
              "apiId": "/providers/Microsoft.PowerApps/apis/shared_office365",
              "connectionName": "shared_office365",
              "operationId": "SendEmailV2"
            },
            "parameters": {
              "emailMessage/To": "@outputs('Get_a_row_by_ID_-_Requestor')?['body/internalemailaddress']",
              "emailMessage/Subject": "Thank you for your submission to the Contracts & Grants system!",
              "emailMessage/Body": "<p>Your submission is being routed through the appropriate approval channels. &nbsp;You can follow it's progress here.<br>\n<br>\n<a href='https://org7cd6b967.crm9.dynamics.com/main.aspx?appid=05dbca78-b36f-ef11-a671-001dd80bde4a&pagetype=entityrecord&etn=ogdwgcc_contract&id=@{triggerOutputs()?['body/ogdwgcc_contractid']}'>@{outputs('Get_a_row_by_ID_-_Requestor')?['body/fullname']} - Contract</a>\n</p>",
              "emailMessage/Importance": "Normal"
            },
            "authentication": "@parameters('$authentication')"
          }
        }
      }
    },
    "templateName": null
  },
  "schemaVersion": "1.0.0.0"
}