{
  "properties": {
    "connectionReferences": {
      "shared_commondataserviceforapps": {
        "runtimeSource": "embedded",
        "connection": {
          "connectionReferenceLogicalName": "ogdwgcc_sharedcommondataserviceforapps_f13a7"
        },
        "api": {
          "name": "shared_commondataserviceforapps"
        }
      },
      "shared_wordonlinebusiness": {
        "runtimeSource": "invoker",
        "connection": {
          "connectionReferenceLogicalName": "ogdwgcc_sharedwordonlinebusiness_c1bc1"
        },
        "api": {
          "name": "shared_wordonlinebusiness"
        }
      },
      "shared_sharepointonline": {
        "runtimeSource": "invoker",
        "connection": {
          "connectionReferenceLogicalName": "ogdwgcc_sharedsharepointonline_71c74"
        },
        "api": {
          "name": "shared_sharepointonline"
        }
      }
    },
    "definition": {
      "$schema": "https://schema.management.azure.com/providers/Microsoft.Logic/schemas/2016-06-01/workflowdefinition.json#",
      "contentVersion": "1.0.0.0",
      "parameters": {
        "$connections": {
          "defaultValue": {},
          "type": "Object"
        },
        "$authentication": {
          "defaultValue": {},
          "type": "SecureObject"
        }
      },
      "triggers": {
        "manual": {
          "metadata": {
            "operationMetadataId": "ca4217e7-498b-426c-97ef-514b7fd7c280"
          },
          "type": "Request",
          "kind": "PowerAppV2",
          "inputs": {
            "schema": {
              "type": "object",
              "properties": {
                "text": {
                  "title": "ContractID",
                  "type": "string",
                  "x-ms-dynamically-added": true,
                  "description": "Please enter your input",
                  "x-ms-content-hint": "TEXT"
                }
              },
              "required": [
                "text"
              ]
            }
          }
        }
      },
      "actions": {
        "Get_a_row_by_ID": {
          "runAfter": {},
          "metadata": {
            "operationMetadataId": "3b279042-e13e-45e0-99e8-7acd3bf43f94"
          },
          "type": "OpenApiConnection",
          "inputs": {
            "host": {
              "connectionName": "shared_commondataserviceforapps",
              "operationId": "GetItem",
              "apiId": "/providers/Microsoft.PowerApps/apis/shared_commondataserviceforapps"
            },
            "parameters": {
              "entityName": "ogdwgcc_contracts",
              "recordId": "@triggerBody()['text']"
            },
            "authentication": "@parameters('$authentication')"
          }
        },
        "Switch": {
          "runAfter": {
            "Get_a_row_by_ID_3": [
              "Succeeded"
            ]
          },
          "cases": {
            "Case": {
              "case": 118920000,
              "actions": {
                "Populate_a_Microsoft_Word_template": {
                  "runAfter": {},
                  "metadata": {
                    "01HX2Z25YU2R7QAAL2YVEJO3E25BGE3SMB": "/DE DHSS RFP.docx",
                    "operationMetadataId": "10d3e3d4-6d9b-4720-b777-300f9703d0f4"
                  },
                  "type": "OpenApiConnection",
                  "inputs": {
                    "host": {
                      "connectionName": "shared_wordonlinebusiness",
                      "operationId": "CreateFileItem",
                      "apiId": "/providers/Microsoft.PowerApps/apis/shared_wordonlinebusiness"
                    },
                    "parameters": {
                      "source": "sites/testtestmsftgccfo.sharepoint.com,ca2b5f45-3614-4413-a5bb-09af5d5a2f1f,8df83448-ced8-4064-b551-13e4401d155d",
                      "drive": "b!RV8ryhQ2E0SluwmvXVovH0g0-I3YzmRAtVET5EAdFV0t3BkVFjbPTLH2_I9Y3_1j",
                      "file": "01HX2Z25YU2R7QAAL2YVEJO3E25BGE3SMB",
                      "dynamicFileSchema/1726568128": "@outputs('Get_a_row_by_ID')?['body/overriddencreatedon']",
                      "dynamicFileSchema/1855145257": "@outputs('Get_a_row_by_ID_2')?['body/internalemailaddress']",
                      "dynamicFileSchema/1894465320": "@outputs('Get_a_row_by_ID_2')?['body/fullname']",
                      "dynamicFileSchema/2052036362": "@outputs('Get_a_row_by_ID')?['body/ogdwgcc_name']"
                    },
                    "authentication": "@parameters('$authentication')"
                  }
                },
                "Create_file": {
                  "runAfter": {
                    "Populate_a_Microsoft_Word_template": [
                      "Succeeded"
                    ]
                  },
                  "metadata": {
                    "operationMetadataId": "ba5a2bc5-c316-4c3a-9605-2f7e221a1680"
                  },
                  "type": "OpenApiConnection",
                  "inputs": {
                    "host": {
                      "connectionName": "shared_sharepointonline",
                      "operationId": "CreateFile",
                      "apiId": "/providers/Microsoft.PowerApps/apis/shared_sharepointonline"
                    },
                    "parameters": {
                      "dataset": "https://testtestmsftgccfo.sharepoint.com/sites/DEDHSS",
                      "folderPath": "/Shared Documents",
                      "name": "@{outputs('Get_a_row_by_ID')?['body/ogdwgcc_name']} - @{utcNow()}.docx",
                      "body": "@body('Populate_a_Microsoft_Word_template')"
                    },
                    "authentication": "@parameters('$authentication')"
                  },
                  "runtimeConfiguration": {
                    "contentTransfer": {
                      "transferMode": "Chunked"
                    }
                  }
                }
              }
            },
            "Case_2": {
              "case": 118920003,
              "actions": {
                "Populate_a_Microsoft_Word_template_2": {
                  "runAfter": {},
                  "metadata": {
                    "01HX2Z25YVSYSDAIXGPJFLUGYZLHTO62ED": "/DE DHSS Contract.docx",
                    "operationMetadataId": "1ceae2ea-2283-4837-ab0a-1d13226cb845"
                  },
                  "type": "OpenApiConnection",
                  "inputs": {
                    "host": {
                      "connectionName": "shared_wordonlinebusiness",
                      "operationId": "CreateFileItem",
                      "apiId": "/providers/Microsoft.PowerApps/apis/shared_wordonlinebusiness"
                    },
                    "parameters": {
                      "source": "sites/testtestmsftgccfo.sharepoint.com,ca2b5f45-3614-4413-a5bb-09af5d5a2f1f,8df83448-ced8-4064-b551-13e4401d155d",
                      "drive": "b!RV8ryhQ2E0SluwmvXVovH0g0-I3YzmRAtVET5EAdFV0t3BkVFjbPTLH2_I9Y3_1j",
                      "file": "01HX2Z25YVSYSDAIXGPJFLUGYZLHTO62ED",
                      "dynamicFileSchema/775836611": "@outputs('Get_a_row_by_ID')?['body/ogdwgcc_anticipatedagreementtype']",
                      "dynamicFileSchema/1075403584": "@outputs('Get_a_row_by_ID')?['body/ogdwgcc_desiredstartdate']",
                      "dynamicFileSchema/1726568128": "@outputs('Get_a_row_by_ID')?['body/createdon']",
                      "dynamicFileSchema/1820690353": "@outputs('Get_a_row_by_ID')?['body/ogdwgcc_requestingdivision']",
                      "dynamicFileSchema/1855145257": "@outputs('Get_a_row_by_ID_2')?['body/internalemailaddress']",
                      "dynamicFileSchema/1894465320": "@outputs('Get_a_row_by_ID_2')?['body/fullname']",
                      "dynamicFileSchema/2038315909": "@outputs('Get_a_row_by_ID')?['body/ogdwgcc_totalbudgetforthisagreement']",
                      "dynamicFileSchema/2045401505": "@outputs('Get_a_row_by_ID')?['body/ogdwgcc_totalbudgetavailable']",
                      "dynamicFileSchema/-1628763394": "@outputs('Get_a_row_by_ID')?['body/ogdwgcc_anticipatedprocurementneed']",
                      "dynamicFileSchema/-1352873726": "@outputs('Get_a_row_by_ID')?['body/ogdwgcc_desiredenddate2']",
                      "dynamicFileSchema/-1290657515": "@outputs('Get_a_row_by_ID_3')?['body/name']",
                      "dynamicFileSchema/-474765388": "@{outputs('Get_a_row_by_ID_3')?['body/address1_line1']}\n@{outputs('Get_a_row_by_ID_3')?['body/address1_city']}, @{outputs('Get_a_row_by_ID_3')?['body/address1_stateorprovince']}\n@{outputs('Get_a_row_by_ID_3')?['body/address1_postalcode']}"
                    },
                    "authentication": "@parameters('$authentication')"
                  }
                },
                "Create_file_2": {
                  "runAfter": {
                    "Populate_a_Microsoft_Word_template_2": [
                      "Succeeded"
                    ]
                  },
                  "metadata": {
                    "operationMetadataId": "85d7698a-6d00-45a3-93a1-8f8825736fcc"
                  },
                  "type": "OpenApiConnection",
                  "inputs": {
                    "host": {
                      "connectionName": "shared_sharepointonline",
                      "operationId": "CreateFile",
                      "apiId": "/providers/Microsoft.PowerApps/apis/shared_sharepointonline"
                    },
                    "parameters": {
                      "dataset": "https://testtestmsftgccfo.sharepoint.com/sites/DEDHSS",
                      "folderPath": "/Shared Documents",
                      "name": "@{outputs('Get_a_row_by_ID')?['body/ogdwgcc_name']} - @{utcNow()}.docx",
                      "body": "@body('Populate_a_Microsoft_Word_template_2')"
                    },
                    "authentication": "@parameters('$authentication')"
                  },
                  "runtimeConfiguration": {
                    "contentTransfer": {
                      "transferMode": "Chunked"
                    }
                  }
                }
              }
            }
          },
          "default": {
            "actions": {}
          },
          "expression": "@outputs('Get_a_row_by_ID')?['body/ogdwgcc_procurementpathway']",
          "metadata": {
            "operationMetadataId": "a3bfe2dc-f8c5-44b4-8d4b-b47a5aa6ec02"
          },
          "type": "Switch"
        },
        "Get_a_row_by_ID_2": {
          "runAfter": {
            "Get_a_row_by_ID": [
              "Succeeded"
            ]
          },
          "metadata": {
            "operationMetadataId": "37ae1b21-1381-4eb4-a8a5-ded5d929fc5a"
          },
          "type": "OpenApiConnection",
          "inputs": {
            "host": {
              "connectionName": "shared_commondataserviceforapps",
              "operationId": "GetItem",
              "apiId": "/providers/Microsoft.PowerApps/apis/shared_commondataserviceforapps"
            },
            "parameters": {
              "entityName": "systemusers",
              "recordId": "@outputs('Get_a_row_by_ID')?['body/_ogdwgcc_requestorname_value']"
            },
            "authentication": "@parameters('$authentication')"
          }
        },
        "Get_a_row_by_ID_3": {
          "runAfter": {
            "Get_a_row_by_ID_2": [
              "Succeeded"
            ]
          },
          "metadata": {
            "operationMetadataId": "2430d061-3f6d-4641-9a0f-8095875799c8"
          },
          "type": "OpenApiConnection",
          "inputs": {
            "host": {
              "connectionName": "shared_commondataserviceforapps",
              "operationId": "GetItem",
              "apiId": "/providers/Microsoft.PowerApps/apis/shared_commondataserviceforapps"
            },
            "parameters": {
              "entityName": "accounts",
              "recordId": "@outputs('Get_a_row_by_ID')?['body/_ogdwgcc_vendor_value']"
            },
            "authentication": "@parameters('$authentication')"
          }
        }
      }
    },
    "templateName": ""
  },
  "schemaVersion": "1.0.0.0"
}