<ImportExportXml version="9.2.24082.192" SolutionPackageVersion="9.2" languagecode="1033" generatedBy="CrmLive" xmlns:xsi="http://www.w3.org/2001/XMLSchema-instance" OrganizationVersion="9.2.24082.192" OrganizationSchemaType="Full" OrganizationType="Secondary" TenantId="426a6ef4-2476-4eab-ae1c-1c9dc2bfca80" CRMServerServiceabilityVersion="9.2.24083.00210">
  <SolutionManifest>
    <UniqueName>DEContractsandGrants</UniqueName>
    <LocalizedNames>
      <LocalizedName description="DE Contracts and Grants" languagecode="1033" />
    </LocalizedNames>
    <Descriptions />
    <Version>1.0.0.7</Version>
    <Managed>0</Managed>
    <Publisher>
      <UniqueName>OGDevWorksGCC</UniqueName>
      <LocalizedNames>
        <LocalizedName description="OGDevWorksGCC" languagecode="1033" />
      </LocalizedNames>
      <Descriptions />
      <EMailAddress xsi:nil="true"></EMailAddress>
      <SupportingWebsiteUrl xsi:nil="true"></SupportingWebsiteUrl>
      <CustomizationPrefix>ogdwgcc</CustomizationPrefix>
      <CustomizationOptionValuePrefix>11892</CustomizationOptionValuePrefix>
      <Addresses>
        <Address>
          <AddressNumber>1</AddressNumber>
          <AddressTypeCode>1</AddressTypeCode>
          <City xsi:nil="true"></City>
          <County xsi:nil="true"></County>
          <Country xsi:nil="true"></Country>
          <Fax xsi:nil="true"></Fax>
          <FreightTermsCode xsi:nil="true"></FreightTermsCode>
          <ImportSequenceNumber xsi:nil="true"></ImportSequenceNumber>
          <Latitude xsi:nil="true"></Latitude>
          <Line1 xsi:nil="true"></Line1>
          <Line2 xsi:nil="true"></Line2>
          <Line3 xsi:nil="true"></Line3>
          <Longitude xsi:nil="true"></Longitude>
          <Name xsi:nil="true"></Name>
          <PostalCode xsi:nil="true"></PostalCode>
          <PostOfficeBox xsi:nil="true"></PostOfficeBox>
          <PrimaryContactName xsi:nil="true"></PrimaryContactName>
          <ShippingMethodCode>1</ShippingMethodCode>
          <StateOrProvince xsi:nil="true"></StateOrProvince>
          <Telephone1 xsi:nil="true"></Telephone1>
          <Telephone2 xsi:nil="true"></Telephone2>
          <Telephone3 xsi:nil="true"></Telephone3>
          <TimeZoneRuleVersionNumber xsi:nil="true"></TimeZoneRuleVersionNumber>
          <UPSZone xsi:nil="true"></UPSZone>
          <UTCOffset xsi:nil="true"></UTCOffset>
          <UTCConversionTimeZoneCode xsi:nil="true"></UTCConversionTimeZoneCode>
        </Address>
        <Address>
          <AddressNumber>2</AddressNumber>
          <AddressTypeCode>1</AddressTypeCode>
          <City xsi:nil="true"></City>
          <County xsi:nil="true"></County>
          <Country xsi:nil="true"></Country>
          <Fax xsi:nil="true"></Fax>
          <FreightTermsCode xsi:nil="true"></FreightTermsCode>
          <ImportSequenceNumber xsi:nil="true"></ImportSequenceNumber>
          <Latitude xsi:nil="true"></Latitude>
          <Line1 xsi:nil="true"></Line1>
          <Line2 xsi:nil="true"></Line2>
          <Line3 xsi:nil="true"></Line3>
          <Longitude xsi:nil="true"></Longitude>
          <Name xsi:nil="true"></Name>
          <PostalCode xsi:nil="true"></PostalCode>
          <PostOfficeBox xsi:nil="true"></PostOfficeBox>
          <PrimaryContactName xsi:nil="true"></PrimaryContactName>
          <ShippingMethodCode>1</ShippingMethodCode>
          <StateOrProvince xsi:nil="true"></StateOrProvince>
          <Telephone1 xsi:nil="true"></Telephone1>
          <Telephone2 xsi:nil="true"></Telephone2>
          <Telephone3 xsi:nil="true"></Telephone3>
          <TimeZoneRuleVersionNumber xsi:nil="true"></TimeZoneRuleVersionNumber>
          <UPSZone xsi:nil="true"></UPSZone>
          <UTCOffset xsi:nil="true"></UTCOffset>
          <UTCConversionTimeZoneCode xsi:nil="true"></UTCConversionTimeZoneCode>
        </Address>
      </Addresses>
    </Publisher>
    <RootComponents>
      <RootComponent type="1" schemaName="account" behavior="1" />
      <RootComponent type="1" schemaName="ogdwgcc_cmpapprovers" behavior="0" />
      <RootComponent type="1" schemaName="ogdwgcc_contract" behavior="0" />
      <RootComponent type="1" schemaName="ogdwgcc_contractapprovers" behavior="0" />
      <RootComponent type="1" schemaName="ogdwgcc_contractbpf" behavior="0" />
      <RootComponent type="1" schemaName="ogdwgcc_purchaseorderapprovals" behavior="0" />
      <RootComponent type="1" schemaName="ogdwgcc_purchaseorderrequest" behavior="0" />
      <RootComponent type="9" schemaName="ogdwgcc_onetimeorrecurringcost" behavior="0" />
      <RootComponent type="9" schemaName="ogdwgcc_procurementpathway" behavior="0" />
      <RootComponent type="9" schemaName="ogdwgcc_procurementtype" behavior="0" />
      <RootComponent type="9" schemaName="ogdwgcc_purchaseorderrequesttype" behavior="0" />
      <RootComponent type="9" schemaName="ogdwgcc_purchasetype" behavior="0" />
      <RootComponent type="29" id="{3f53ff98-5b70-ef11-a671-001dd801af3d}" behavior="0" />
      <RootComponent type="29" id="{4153f732-b47b-ef11-a671-001dd80bb09b}" behavior="0" />
      <RootComponent type="29" id="{619833e3-4c6c-ef11-a671-001dd80bde4a}" behavior="0" />
      <RootComponent type="29" id="{b0e82ab9-f77f-ef11-a671-001dd801af3d}" behavior="0" />
      <RootComponent type="61" schemaName="ogdwgcc_purchorderv2" behavior="0" />
      <RootComponent type="62" schemaName="ogdwgcc_ContractsandGrantsManagementAdmi" behavior="0" />
      <RootComponent type="80" schemaName="ogdwgcc_ContractsandGrantsManagementAdmi" behavior="0" />
      <RootComponent type="300" schemaName="ogdwgcc_contractintake_78387" behavior="0" />
    </RootComponents>
    <MissingDependencies>
      <MissingDependency>
        <Required type="1" schemaName="contract" displayName="Contract" solution="msdynce_Service (9.0.5.56)">
          <package>msdynce_ServiceAnchor (9.0.24074.1003)</package>
        </Required>
        <Dependent type="80" schemaName="ogdwgcc_ContractsandGrantsManagementAdmi" displayName="Contracts and Grants Management Admin" />
      </MissingDependency>
      <MissingDependency>
        <Required type="2" schemaName="defaultpricelevelid" displayName="Price List" parentSchemaName="account" parentDisplayName="Vendor" solution="msdynce_ProductManagement (9.0.4.0066)">
          <package>msdynce_ProductManagementAnchor (9.0.24064.10001)</package>
        </Required>
        <Dependent type="60" displayName="Information" parentDisplayName="Vendor" id="{b053a39a-041a-4356-acef-ddf00182762b}" />
      </MissingDependency>
      <MissingDependency>
        <Required type="2" schemaName="originatingleadid" displayName="Originating Lead" parentSchemaName="account" parentDisplayName="Vendor" solution="msdynce_LeadManagement (9.0.4.0066)">
          <package>msdynce_LeadManagementAnchor (9.0.24082.10001)</package>
        </Required>
        <Dependent type="60" displayName="Information" parentDisplayName="Vendor" id="{b053a39a-041a-4356-acef-ddf00182762b}" />
      </MissingDependency>
      <MissingDependency>
        <Required type="2" schemaName="territoryid" displayName="Territory" parentSchemaName="account" parentDisplayName="Vendor" solution="msdynce_Sales (9.0.4.0076)">
          <package>msdynce_SalesAnchor (9.0.24064.10007)</package>
        </Required>
        <Dependent type="60" displayName="Information" parentDisplayName="Vendor" id="{b053a39a-041a-4356-acef-ddf00182762b}" />
      </MissingDependency>
      <MissingDependency>
        <Required type="2" schemaName="title" displayName="Contract Name" parentSchemaName="contract" parentDisplayName="Contract" solution="msdynce_Service (9.0.5.56)">
          <package>msdynce_ServiceAnchor (9.0.24074.1003)</package>
        </Required>
        <Dependent type="10" schemaName="ogdwgcc_contract_ExistingContract_contract" displayName="ogdwgcc_contract_ExistingContract_contract" parentSchemaName="contract" parentDisplayName="Contract" />
      </MissingDependency>
      <MissingDependency>
        <Required type="60" displayName="Information" parentDisplayName="Vendor" solution="msdynce_AppCommon (9.0.4.0066)" id="{b053a39a-041a-4356-acef-ddf00182762b}">
          <package>msdynce_AppCommonAnchor (9.0.24064.10001)</package>
        </Required>
        <Dependent type="60" displayName="Information" parentDisplayName="Vendor" id="{b053a39a-041a-4356-acef-ddf00182762b}" />
      </MissingDependency>
      <MissingDependency>
        <Required type="61" schemaName="msdyn_/ActivityFeeds.Form.js" displayName="msdyn_/ActivityFeeds.Form.js" solution="ActivityFeedsCore (9.0.0.0010)" />
        <Dependent type="60" displayName="Information" parentDisplayName="Vendor" id="{b053a39a-041a-4356-acef-ddf00182762b}" />
      </MissingDependency>
      <MissingDependency>
        <Required type="61" schemaName="msdyn_/Images/AppModule_Default_Icon.png" displayName="msdyn_/Images/AppModule_Default_Icon.png" solution="AppModuleWebResources (2.5)" />
        <Dependent type="80" schemaName="ogdwgcc_ContractsandGrantsManagementAdmi" displayName="Contracts and Grants Management Admin" />
      </MissingDependency>
      <MissingDependency>
        <Required type="61" schemaName="msdyn_/RecordWall.htm" displayName="msdyn_/RecordWall.htm" solution="ActivityFeedsCore (9.0.0.0010)" />
        <Dependent type="60" displayName="Information" parentDisplayName="Vendor" id="{b053a39a-041a-4356-acef-ddf00182762b}" />
      </MissingDependency>
      <MissingDependency>
        <Required type="SettingDefinition" displayName="AppChannel" solution="msdyn_AppFrameworkInfraExtensions (1.0.0.12)" id.uniquename="AppChannel" />
        <Dependent type="AppSetting" displayName="parentappmoduleid.uniquename=ogdwgcc_ContractsandGrantsManagementAdmi,settingdefinitionid.uniquename=AppChannel" id.parentappmoduleid.uniquename="ogdwgcc_ContractsandGrantsManagementAdmi" id.settingdefinitionid.uniquename="AppChannel" />
      </MissingDependency>
    </MissingDependencies>
  </SolutionManifest>
</ImportExportXml>